timestamp,caller,receiver,duration,status,uniqueCallReference
2021-12-14T07:15,90952892,566,164,successfully_completed,0rzLwCsG
2022-08-14T00:56,331293102,649,53,successfully_completed,c6dXjR6e
2020-12-13T23:23,376872147,309,123,successfully_completed,3j3Uile0
2023-02-09T00:06,512903229,49,0,failed_groupNotExhist,c5thSxb1
2022-05-01T12:58,825687176,638098791,137,successfully_completed,A1qmirqw
2021-04-20T05:30,378024130,287710758,34,successfully_completed,vJsHnxdO
2025-05-09T12:50,91143706,398,58,successfully_completed,SDQVo7Uq
2020-10-31T15:02,380626691,45,13,successfully_completed,IQABEZ4Z
2024-08-15T09:50,712392339,66,57,successfully_completed,NcD1Ti7d
2023-04-14T02:03,891690584,632,0,failed_groupNotExhist,wJfLF92v
2024-12-23T21:39,997897668,938821053,15,interrupted_other,jy4nmMtW
2023-06-10T23:09,534341879,694,43,successfully_completed,HVssJ4Bx
2021-05-27T22:04,748913993,815,107,successfully_completed,sm5cJZXi
2023-07-24T19:53,353584828,72,76,successfully_completed,PZJaF9uR
2022-02-12T00:02,537197463,813,123,successfully_completed,yhwaRKmG
2022-06-06T06:08,194883069,539894603,0,failed_noAnswer,ZXYlYCW7
2023-05-05T12:03,649713324,320,82,successfully_completed,CvziEJoO
2023-06-28T10:31,746220165,624,27,successfully_completed,ORKQI33o
2024-10-21T14:47,455860798,715662876,88,interrupted_connectionLost,J4GfoWLJ
2024-08-07T07:58,108510221,229735700,0,failed_noAnswer,hmF785rr
2025-02-12T20:39,35632262,805,128,successfully_completed,TrbLlqLG
2021-03-26T00:55,928976537,240,0,failed_groupNotExhist,Vbw2KaOF
2023-08-19T01:56,734200446,489956116,0,failed_noAnswer,HZ6e2B9Q
2021-11-03T04:44,201737504,329324871,0,failed_other,uJ1YbHsi
2024-05-31T21:25,902459769,269,24,successfully_completed,uhTdE4St
2025-04-29T11:28,374967401,999550575,163,successfully_completed,PNKR9v5n
2024-09-14T20:30,7421608,724,156,successfully_completed,hVufRJiW
2020-12-16T16:46,300918480,868,18,successfully_completed,bS6tJDOe
2020-10-03T19:53,178420536,849660741,77,interrupted_connectionLost,DmcR3nne
2022-02-20T23:35,807269326,192,0,failed_insufficientPrivilege,RI2gqCq0
2022-12-26T10:18,34668307,55,170,successfully_completed,LexJmnh6
2023-11-22T09:43,469104632,238,68,successfully_completed,4L3YXmJS
2022-02-02T23:45,50702464,307,4,interrupted_other,kjjHoYE6
2023-02-17T10:52,506200424,111,118,successfully_completed,GzEUZ0GL
2025-04-19T19:43,530285213,123,19,interrupted_other,6NyqvLzQ
2023-07-14T20:44,903401520,548193,3,interrupted_other,8jnQk3fH
2024-04-30T10:12,594709832,460452053,93,successfully_completed,kNqLa0gP
2023-04-12T00:05,20832574,415262475,0,failed_other,lRrWKx05
2023-11-10T09:40,143562066,309,0,failed_groupNotExhist,a8X5BOt6
2024-09-12T12:32,986937879,223653559,87,interrupted_higerPre-emptivePriorityInterruption,K89mP6TG
2023-06-29T22:41,662969714,906,45,successfully_completed,n10MPaui
2021-07-27T10:24,275877963,843,111,successfully_completed,5vCwvoRk
2022-11-26T11:15,492340881,165,0,failed_insufficientPrivilege,ayz8Xxv4
2024-12-08T06:39,841716331,222,3,interrupted_other,UYI1JZ1Z
2025-05-21T04:44,103504152,371,77,successfully_completed,G1KELL3o
2021-04-27T08:57,829322638,764,56,successfully_completed,UWZSYXxN
2025-01-28T05:05,217294220,513,0,failed_insufficientPrivilege,VgRFRe3k
2024-01-26T04:07,12836299,930,0,failed_insufficientPrivilege,LsK6sXVv
2024-12-06T09:48,221088418,101948530,180,interrupted_exceededTransmissionWindow,cA37H9Ug
2025-01-31T06:17,974855162,239,176,successfully_completed,aQBzjeur
2020-06-30T20:42,948619422,192488759,178,successfully_completed,7DuCz98m
2024-11-16T16:38,625693549,688188450,84,interrupted_connectionLost,49oR6aQp
2021-03-18T03:15,621772713,587,0,failed_groupNotExhist,VuKKQBVU
2021-12-20T13:06,512746848,535,29,successfully_completed,Fa2lEDLk
2022-09-03T21:42,109622470,319,59,successfully_completed,ITpK2ar5
2022-12-03T06:22,72422232,704,7,interrupted_other,ZD0exale
2023-06-21T09:00,836875040,19348081,23,interrupted_other,vjQU6fUf
2024-10-10T00:23,436054526,767,0,failed_groupNotExhist,Fd02j1zl
2023-08-17T09:23,985443337,794,24,successfully_completed,phweLuFU
2022-03-15T10:00,338446619,647,4,successfully_completed,MU2BWfI9
2023-03-21T22:32,521675439,907,157,successfully_completed,Itqcs0lD
2024-05-26T12:55,972346308,193,49,successfully_completed,1lDAbIkJ
2023-06-20T22:46,708211322,109768566,14,interrupted_other,Fpt9w7xl
2025-04-05T03:48,413649744,653471587,180,interrupted_exceededTransmissionWindow,xEcgqYZk
2022-01-16T23:25,983931230,812,40,successfully_completed,aH0M6eqh
2023-10-20T05:04,424168282,992,119,successfully_completed,qydnXxY4
2021-03-04T19:15,536732035,816,153,successfully_completed,kxPwiV1B
2021-11-10T21:01,547206150,6,176,successfully_completed,4NEF39wA
2020-07-03T12:47,927471539,473,85,successfully_completed,Lp7KOrA6
2020-09-27T07:14,783678141,593899951,149,successfully_completed,xnknSNbr
2024-02-06T18:04,223795922,324,0,failed_groupNotExhist,T7sTPSDU
2021-12-19T16:22,808770854,638,17,interrupted_other,QQYZgf7X
2020-11-25T10:18,458381997,736,163,successfully_completed,QyVEWzgm
2025-01-10T23:27,345674945,960,4,successfully_completed,e3Rekhh1
2022-07-28T06:33,368461387,85,96,successfully_completed,58yeva3v
2021-02-23T17:34,172687242,820,61,successfully_completed,49FsoVbl
2022-12-23T00:52,385049837,72327188,114,successfully_completed,69AJA5iz
2021-01-23T12:16,412236256,169970975,0,failed_noAnswer,qduTiCdU
2024-10-04T19:16,728201731,182,103,successfully_completed,T4QC3OkE
2024-04-24T02:23,530649785,864,14,successfully_completed,GhkraQDT
2024-06-11T13:06,647133317,314,83,successfully_completed,MZRdU5Lv
2024-08-25T21:57,777205537,499706806,5,interrupted_other,3fF4IJzl
2021-05-05T03:09,88750243,788,41,successfully_completed,5lTKNDuQ
2021-01-26T13:09,248009190,735376651,10,interrupted_connectionLost,bri3vhdS
2024-10-25T04:15,101192363,590,29,successfully_completed,ssSYYZTp
2023-08-25T14:44,875705804,237,47,successfully_completed,QnNhIR09
2023-04-11T12:44,444224523,776,172,successfully_completed,Y6yRL2Kq
2021-07-22T02:37,526220149,138,110,successfully_completed,Djdm6QDf
2020-07-29T10:15,283092050,344148031,0,failed_other,h7li3Z74
2021-12-10T06:14,729331216,64,149,successfully_completed,PX7VXbtm
2021-06-29T18:28,827642585,924,87,successfully_completed,woOccint
2020-11-20T16:02,700881412,84,0,failed_insufficientPrivilege,sUZDvK3h
2021-04-29T23:14,658788087,613,21,interrupted_other,Z9kVptMh
2020-08-24T11:43,762735434,587,77,successfully_completed,EfIzn8NX
2024-08-28T01:26,480697163,690,63,successfully_completed,G2ZUAsaM
2025-04-25T17:02,465403825,328,56,successfully_completed,A099I6va
2023-01-19T09:36,33117432,606,174,successfully_completed,gPWAnnUr
2021-06-08T15:00,154040170,724,121,successfully_completed,MGrovWoA
2024-01-09T06:36,176329421,618,102,interrupted_hostTransmissionPrivilegeExpired,P2bqHSu8
2023-08-17T00:49,481638029,425,41,successfully_completed,Ah3aiVyz
2023-12-20T03:01,273635837,17,111,successfully_completed,RrFNynXo
2022-07-28T05:17,133046493,954,32,successfully_completed,ZblYncl6
2025-02-15T20:45,601731641,668,197,interrupted_hostTransmissionPrivilegeExpired,BnAwtiEF
2022-06-13T13:23,860156396,437,0,failed_insufficientPrivilege,9GgZf8vr
2022-08-17T23:08,448276235,269,19,interrupted_other,FWrNRStx
2024-06-08T15:05,190854996,252140639,68,successfully_completed,39TLDxfh
2024-05-04T20:04,660940474,446,170,interrupted_hostTransmissionPrivilegeExpired,dKHngrRP
2024-09-29T22:24,394039976,188,1,interrupted_other,LfPFhG1N
2022-10-22T09:27,795347290,705,168,successfully_completed,k3IUt4Ib
2022-09-25T00:32,835223982,618,172,successfully_completed,iPw2C7kq
2022-04-29T00:06,391373932,377316744,69,successfully_completed,SwRKG2ae
2024-11-01T06:24,596425672,549,117,interrupted_hostTransmissionPrivilegeExpired,qpzBXDCQ
2023-05-21T14:00,225526432,54,139,interrupted_hostTransmissionPrivilegeExpired,FCt4Tg2Y
2020-11-18T02:55,387108849,326,48,successfully_completed,vy5xnFCg
2020-08-31T15:05,602241269,973,22,interrupted_other,1uLDSos3
2024-09-28T12:59,510677971,381329716,52,successfully_completed,zFVLqK0F
2023-08-13T20:48,625018580,793538695,0,failed_noAnswer,LpBiXNwo
2020-06-23T09:18,555557369,398,3,interrupted_other,IFeL2436
2023-12-26T09:04,138187659,768,54,successfully_completed,A3bShM4g
2021-06-10T11:33,989817872,567,16,interrupted_other,DfotfJSG
2022-02-25T04:26,47804188,888,152,successfully_completed,jCvWMwyr
2022-10-15T11:44,249933510,306,3,interrupted_other,XU6jT4HJ
2023-02-14T18:02,339736394,918,0,failed_groupNotExhist,FggqKyY5
2023-12-10T02:35,800172643,637,27,interrupted_other,N83oIi8Y
2023-03-22T19:29,520615293,127,147,successfully_completed,ds5IlGSt
2022-08-25T16:07,121616908,160,165,successfully_completed,60dKa5tR
2022-10-16T14:15,352040637,226,11,interrupted_other,LFtiexDD
2022-01-06T21:48,641464375,18,5,successfully_completed,GP7hK7JW
2024-06-29T01:56,555653325,926300086,0,failed_noAnswer,vNbVBEkY
2021-06-12T05:45,5071345,38,54,successfully_completed,XOMt49uq
2023-05-30T13:39,641474783,839121876,23,interrupted_other,SNlEvu6n
2025-03-17T07:12,103586090,290,68,successfully_completed,IF8b12QO
2021-03-05T17:00,587275997,664,0,failed_insufficientPrivilege,BLENadFH
2023-04-15T00:07,24099759,140,11,successfully_completed,LpI6CKM2
2022-04-30T05:40,666790519,354,17,interrupted_other,NuYo9gSE
2024-10-12T12:32,594794587,675,34,successfully_completed,gYrb8VJ3
2023-11-02T18:22,776168361,864,3,interrupted_other,e2AJUhh7
2024-10-21T03:40,610686461,928,157,successfully_completed,yLmTVi5R
2023-01-27T19:10,737465041,416,47,successfully_completed,QXBPpS76
2020-10-28T21:00,889348500,558,0,failed_insufficientPrivilege,4jB3RKbL
2024-04-06T16:54,505206064,743922525,25,interrupted_other,Y4KJUZRZ
2022-12-13T10:45,517543077,993,11,successfully_completed,vJMD81pU
2024-07-19T23:40,640030870,145,121,successfully_completed,0QRod45g
2024-10-29T18:32,511020544,157835233,35,interrupted_connectionLost,TVmTxr64
2020-12-31T17:19,295355805,195646178,148,successfully_completed,7j3DBS3m
2022-11-02T18:07,483704507,862,0,failed_groupNotExhist,Dulol3PV
2023-10-26T15:35,490911354,601,82,successfully_completed,LGDbJsjQ
2023-12-13T15:51,881630205,869,31,successfully_completed,sjB4Iv7m
2023-12-09T10:40,157963377,540,111,successfully_completed,CC0FchHg
2024-12-06T02:35,372576843,133166026,19,successfully_completed,79mZO0XO
2025-05-12T16:25,923410546,508059049,75,successfully_completed,dczJCWlG
2024-04-15T14:24,177996453,774806491,157,successfully_completed,4u1UshEM
2021-08-21T05:31,558700528,185041635,55,successfully_completed,r5fjCvax
2024-05-05T15:38,938644840,301292555,28,interrupted_other,FUCoNdNl
2023-07-11T02:38,568535711,480,51,successfully_completed,ZHL75GVY
2021-03-26T21:31,147935267,589,27,interrupted_other,nhyV9JNx
2020-12-15T08:15,312734861,94,0,failed_groupNotExhist,9SMBQMMa
2023-03-14T20:31,961804131,115,0,failed_groupNotExhist,7UnKqpUq
2023-05-10T23:17,571243839,207,0,failed_insufficientPrivilege,o4MHrDX6
2023-03-08T20:14,905976971,29,13,successfully_completed,5YbEeXXh
2023-01-19T00:56,531993919,948,183,interrupted_hostTransmissionPrivilegeExpired,QzIPZ2fA
2024-02-23T16:51,757522378,8,50,successfully_completed,2rtYAYKc
2021-11-03T20:51,535372775,740,5,interrupted_other,P6X6uvdB
2023-10-14T09:38,297423262,196,166,successfully_completed,zaEggLLK
2021-04-08T16:30,631112131,322,137,successfully_completed,NizCuyP3
2022-02-19T22:11,437341265,233,12,successfully_completed,zDYnMFla
2024-03-08T05:11,826502187,185,92,successfully_completed,jXNyzFkP
2020-09-03T07:54,782241769,489,291,interrupted_hostTransmissionPrivilegeExpired,K55xIeuC
2024-05-28T00:08,834646852,369831257,6,successfully_completed,I11D18Jf
2021-04-11T00:01,60956839,890,114,successfully_completed,UTnHzyF9
2024-08-30T22:16,737296857,703,106,successfully_completed,LjMCF7tk
2024-09-29T14:02,255499968,710,20,interrupted_other,avwzJ74i
2024-10-20T17:16,97883829,974,139,successfully_completed,KjrOoQ6m
2020-06-03T23:58,546674216,101,81,successfully_completed,NHnCEBWc
2022-08-15T15:01,165397778,683,28,successfully_completed,h3SYnf6O
2020-06-24T15:21,405480320,1,108,successfully_completed,wmVzTPWW
2024-12-07T22:03,588039689,658,269,interrupted_hostTransmissionPrivilegeExpired,Oby9Ptnn
2022-05-02T15:38,219642936,292,108,successfully_completed,NAK0FCLk
2021-08-29T18:20,94049712,766,94,successfully_completed,lro8Zte4
2024-10-16T09:31,431970658,880,170,successfully_completed,f4qemxUo
2023-08-15T09:02,81110945,842,148,successfully_completed,Y9KLAcZr
2023-11-04T07:35,325974657,766,28,interrupted_other,j3KG0pin
2023-07-11T21:03,983943160,11,133,successfully_completed,MeMl8u3s
2025-03-18T00:24,576700550,904,0,failed_insufficientPrivilege,hXCjzgl2
2022-08-07T07:57,934371496,937414383,177,successfully_completed,XICUHlgd
2024-12-04T08:11,424208276,712,12,interrupted_other,E7uWggqg
2024-02-16T01:56,918313779,856,49,successfully_completed,IlvxVdNd
2023-09-07T09:47,82152930,339,0,failed_insufficientPrivilege,t01s7dHJ
2022-12-30T07:42,731153122,420491603,29,interrupted_other,Gzc7UwkX
2023-04-29T01:24,646375632,479,153,successfully_completed,SsY7jcdN
2022-03-01T01:01,742969023,234,80,successfully_completed,CEo3fsyE
2021-01-01T10:01,83835583,391,0,failed_insufficientPrivilege,r2rRBjSp
2021-12-14T01:08,534476695,138358247,0,failed_other,ONqsNIf5
2021-12-13T15:22,597245322,597,46,successfully_completed,AlsQdTEB
2022-09-02T11:49,473035243,587528099,155,successfully_completed,8J8Us4gZ
2023-12-19T00:13,706495812,254,0,failed_groupNotExhist,5F8nu04g
2021-01-18T06:51,186560100,932,83,successfully_completed,9uVllV2C
2022-02-07T12:28,794840718,852806645,121,successfully_completed,H78wqjH7
2024-08-16T11:58,250846851,132922066,115,successfully_completed,PfV8XYWe
2021-12-28T17:06,364152766,572,4,interrupted_other,EvyxlBrn
2025-01-02T16:16,416209591,627325703,75,successfully_completed,GeVQhpM3
2024-06-14T13:10,856969535,569370827,60,successfully_completed,MULvTXC7
2021-03-14T21:54,513801310,128632901,16,interrupted_connectionLost,jQZmT5kE
2022-10-07T20:09,486092214,114,29,interrupted_other,qP1Cpyt6
2020-08-07T00:10,639644100,344,25,interrupted_other,U28rB3pR
2023-01-14T13:46,296511489,907938854,0,failed_noAnswer,oSTY5I21
2021-10-24T21:53,704602201,367422058,26,interrupted_connectionLost,prqfaeXW
2025-04-02T05:03,936102229,367,87,successfully_completed,nkVFqz2b
2021-03-28T13:31,488871276,732,21,interrupted_other,NeM0GVRc
2020-06-30T01:10,441972597,872,0,failed_insufficientPrivilege,scfJ2qzb
2023-11-16T00:32,608247596,957,123,successfully_completed,iD61Smdv
2023-01-25T05:19,558526260,696131139,151,successfully_completed,D0QzNMMX
2022-03-07T09:21,218942787,773,5,interrupted_other,Cxk1MyZu
2023-02-14T09:25,444572761,838,29,successfully_completed,m6IVMJNJ
2022-12-07T02:19,833249641,309,54,successfully_completed,dNK04Hc1
2024-11-16T14:18,608781779,649,86,successfully_completed,qVwlZOsJ
2023-09-14T19:24,826395091,514664377,91,successfully_completed,XGdyS1Q9
2022-10-16T05:51,250243754,583,82,successfully_completed,IhgKWC0o
2024-04-01T01:12,70987399,94,68,successfully_completed,SszSKyFB
2024-06-09T09:37,502136203,300,170,successfully_completed,9vXMPVcG
2024-11-19T08:50,865545242,719,9,successfully_completed,K68qEuEU
2022-03-24T09:32,710011473,999,144,successfully_completed,wimL1hLZ
2023-10-07T22:36,606131990,904,0,failed_insufficientPrivilege,bpOAvRpX
2022-06-11T03:25,404050869,54759269,108,successfully_completed,LRZnxKtP
2023-06-26T12:32,202028520,268,27,interrupted_other,AUuEeVne
2021-09-24T07:34,386224878,421,15,interrupted_other,5Ex5j5ZQ
2024-03-06T20:36,185910701,820,126,successfully_completed,GHQOdgsS
2024-05-26T19:58,561726580,469772504,24,successfully_completed,kHjXKbhu
2023-04-21T00:11,737716419,513,56,successfully_completed,muRbsdmT
2020-07-27T18:28,235280497,380,0,failed_insufficientPrivilege,cTA5tpDT
2022-02-17T01:37,966126691,391216885,143,successfully_completed,hzCT6OO3
2024-11-25T10:15,833230447,134998755,84,interrupted_connectionLost,oyQ76hPt
2023-07-20T14:18,454583643,433,26,interrupted_other,DhSmPz96
2023-02-01T21:21,873736841,44,3,interrupted_other,Vd9xyIZn
2024-03-23T19:17,503085742,876,22,successfully_completed,mWDaeu9P
2021-04-16T15:52,986347615,528,0,failed_insufficientPrivilege,f66gJWXb
2023-08-19T08:49,765697838,556,90,successfully_completed,p7WTDXyS
2024-10-08T11:08,687798974,613,125,successfully_completed,7y0c03tW
2022-06-27T22:58,549854812,652,116,successfully_completed,fARq367u
2022-09-06T04:17,804112362,421,0,failed_insufficientPrivilege,P2SaLmwO
2023-05-11T01:55,535825160,224,0,failed_insufficientPrivilege,yhpHJVQr
2024-08-09T22:10,19389431,425,6,successfully_completed,709kPpzo
2021-03-31T20:01,58793706,38547846,40,successfully_completed,F5x6xVj3
2021-04-29T02:29,95721231,657,12,interrupted_other,6dqwzhy5
2024-01-17T19:59,265577216,0,190,interrupted_hostTransmissionPrivilegeExpired,sjxe3sFh
2024-12-30T13:40,643633921,907,0,failed_insufficientPrivilege,c6WXUstm
2023-12-07T07:20,535262075,628,0,failed_insufficientPrivilege,ATyy2Uei
2024-11-15T22:41,914453836,397291586,40,successfully_completed,AHfikKn3
2022-08-07T14:07,668381566,334,0,failed_insufficientPrivilege,W3sYhMph
2024-04-18T03:58,788848051,852,0,failed_groupNotExhist,KB1C7q5i
2021-02-10T20:44,494300480,476,24,interrupted_other,RPJ54QbJ
2023-09-14T01:15,325596998,910,0,failed_groupNotExhist,pK6yoFN5
2020-12-29T10:46,739026577,945,0,failed_insufficientPrivilege,iein4EKC
2025-04-27T17:31,861759863,367,14,interrupted_other,3OAYIL3C
2021-06-15T22:38,931490684,33,2,interrupted_other,WyluI8lh
2024-03-18T03:21,83977006,504,75,successfully_completed,XFNZIllj
2021-11-17T04:31,634802163,512,0,failed_groupNotExhist,bVsH6QiT
2021-03-23T21:35,251236901,365,164,successfully_completed,ziNWZ2XD
2025-03-26T14:09,956825780,913,26,successfully_completed,InlRkQpP
2021-02-08T01:32,884294809,674193429,98,successfully_completed,zG5pXSzF
2023-02-09T14:03,881952385,507,133,successfully_completed,qTfHARTV
2024-12-07T14:12,954151532,408,0,failed_groupNotExhist,5nkaQpc9
2022-06-03T10:03,992930672,476,0,failed_insufficientPrivilege,2RQtb6kc
2022-06-30T11:27,231165410,986690040,124,successfully_completed,ZBiUXIHV
2023-05-19T15:12,828067344,385,176,successfully_completed,4Mv1OIwQ
2021-05-02T20:40,227632705,452,168,successfully_completed,BwidRdSr
2022-06-19T00:07,219097414,358,0,failed_groupNotExhist,ctTWzHoj
2023-12-14T13:52,909935588,841,0,failed_insufficientPrivilege,QLXT1a3z
2021-04-08T20:36,392539801,914,176,successfully_completed,XGXRCEGz
2024-08-05T07:16,230085654,261,116,successfully_completed,xOHgdjw5
2023-07-31T11:42,285447295,412,140,successfully_completed,xbCxkQDv
2024-04-22T11:54,946967003,640,7,interrupted_other,hmmS6eD2
2021-10-17T09:51,814383566,809,37,successfully_completed,LEBV4ih9
2022-09-19T03:29,592152952,884807040,11,successfully_completed,Q0Pdc0tC
2023-11-03T20:49,148008556,164,70,successfully_completed,cgBfq02e
2020-10-23T09:39,683871628,315,177,successfully_completed,kBFtsEWK
2022-08-09T15:09,87871671,90,18,interrupted_other,fNA8TIM6
2023-01-02T22:21,964021248,10,5,interrupted_other,QPf26sKj
2023-06-24T12:24,462056845,858202110,120,successfully_completed,FvQYkLF7
2021-09-06T00:12,965673440,700941808,12,successfully_completed,0hyetM8R
2022-07-19T11:50,169965919,768,0,failed_insufficientPrivilege,wzgDceju
2024-03-11T05:15,114564493,257,0,failed_insufficientPrivilege,vZNqozeh
2025-03-01T15:43,930044251,608,1,interrupted_other,MdeFnxhW
2024-06-28T11:06,332740408,347,2,interrupted_other,MluM8oAB
2024-01-21T11:14,575010970,661,168,successfully_completed,MFFmTXYQ
2022-07-14T18:50,206845404,478,35,successfully_completed,2SUNNceW
2020-05-31T06:57,162089822,510231327,174,successfully_completed,NPSsbGFU
2021-10-20T01:05,474993838,22,17,successfully_completed,79M7CvS1
2022-08-07T10:30,879199077,84,44,successfully_completed,ziQSLHlc
2021-07-23T15:57,204695437,595732438,8,interrupted_connectionLost,ygqPtmSS
2022-01-11T17:11,210702989,846,17,interrupted_other,zVZhxSGW
2024-07-19T12:09,6838671,633,38,successfully_completed,ea84Btru
2022-01-25T13:09,879211360,688,30,interrupted_other,LFKGISfC
2024-06-30T10:02,695116916,319,11,successfully_completed,4ul1BVqA
2024-05-07T21:42,311060134,223,71,successfully_completed,6PNBpUTE
2024-08-30T19:45,304524663,588,157,successfully_completed,eto2yv6b
2024-08-15T15:41,688055910,812,105,successfully_completed,iYblmds3
2020-07-27T08:16,503648208,810976279,6,interrupted_other,yNuGCM8o
2022-12-03T13:00,949615842,917,15,successfully_completed,ykEcWmK9
2023-08-11T21:56,900319974,814,0,failed_insufficientPrivilege,q0puw2Bg
2023-10-16T12:14,316327372,802,64,successfully_completed,PThtfyhE
2024-04-01T11:53,370646554,943,15,interrupted_other,upYMbjFd
2025-04-17T08:15,881091573,145,13,successfully_completed,TtD9gcEJ
2023-11-28T12:05,824322416,200,72,successfully_completed,aBMT65PT
2021-09-11T20:08,508402926,796,29,interrupted_other,rmp474f8
2022-12-02T08:45,435151534,547688757,62,successfully_completed,mSSZEHmK
2024-06-14T11:59,871112305,588047429,7,successfully_completed,LRNoQCsX
2022-04-19T13:48,312727932,799122103,0,failed_other,JMsa5rEk
2023-01-12T13:42,576110735,866910525,20,successfully_completed,JxdcSViV
2021-02-12T01:23,356808133,233,0,failed_insufficientPrivilege,CCTsf2OF
2020-10-27T09:39,940329540,443,154,successfully_completed,VwRL7aRA
2023-12-01T03:30,417334569,569635760,137,successfully_completed,QLY9pWCH
2024-01-29T11:20,287447813,181572391,32,successfully_completed,ThBmWfkk
2022-10-29T08:55,177600481,862,119,interrupted_hostTransmissionPrivilegeExpired,QBJChpH9
2023-08-28T06:52,659632470,651,25,interrupted_other,xzc60CET
2022-07-09T08:47,759323818,986,13,interrupted_other,zd4qtF13
2023-07-08T12:43,830190383,689,0,failed_groupNotExhist,5Dt2cfNM
2020-12-27T07:41,757936531,156,49,successfully_completed,d4Cq0QUC
2024-08-27T16:57,953409090,161554844,3,successfully_completed,zJ7tjNag
2020-08-12T05:17,239490247,308394363,80,successfully_completed,ChydXZav
2025-05-03T00:42,60440292,532,30,interrupted_other,eB0pm5DY
2021-08-06T02:24,943564651,619,91,successfully_completed,QyQpNZKk
2021-02-10T21:41,445764071,179,60,successfully_completed,RkWnh8Bm
2024-01-29T15:03,546437389,218635727,11,successfully_completed,NBe6Nmro
2023-07-10T07:16,954300341,749372845,154,successfully_completed,34C8WxqG
2022-05-13T05:10,408870580,373,27,interrupted_other,hnBMwfwY
2022-12-05T01:36,377449728,12,0,failed_groupNotExhist,qN785YYG
2020-07-03T07:12,442011276,714827400,22,successfully_completed,5nV780ir
2024-01-05T07:10,287188822,767,21,interrupted_other,I9OeWNry
2024-12-09T09:24,395531594,608,136,successfully_completed,A5N8VvFX
2023-06-25T01:44,983067502,501,4,successfully_completed,9HjuuHwt
2024-02-10T17:22,497713401,457,28,interrupted_other,F11lze57
2022-01-18T18:50,794915528,171,81,successfully_completed,bpXTyzHZ
2021-01-14T16:13,197432353,669,17,interrupted_other,aBUkTdTT
2023-11-12T22:40,724535813,384691045,26,interrupted_other,6Krvjquk
2024-06-01T12:40,713052365,564349682,43,successfully_completed,1Jb5yMbb
2020-08-25T12:55,207661342,507,163,successfully_completed,9Z5yqsiG
2025-02-06T06:59,83108547,144,161,successfully_completed,lTSTBcG2
2021-01-16T16:54,719041330,215,72,successfully_completed,QwUEPIt3
2022-12-12T00:17,969409394,656,62,successfully_completed,UDylaQqT
2022-02-18T16:00,381773018,336467454,108,successfully_completed,gq6YyW7w
2020-12-05T23:21,843431669,366,0,failed_groupNotExhist,hq6rCsXl
2021-04-24T17:40,155904858,853,178,successfully_completed,MHl4XhhI
2023-12-20T11:47,456104424,786,0,failed_insufficientPrivilege,9AYIAHvk
2022-06-12T20:48,824606612,323,30,interrupted_other,WpyKvRQc
2021-06-05T18:52,245447764,580,92,successfully_completed,aE7zu2UC
2023-12-17T16:29,852048464,640,25,interrupted_other,IxhscAzx
2021-02-02T19:15,991400502,751,0,failed_insufficientPrivilege,6eeRBPvE
2022-07-08T19:02,644437740,680,2,successfully_completed,ZWZdYfZz
2020-12-23T03:12,547012220,729636276,42,successfully_completed,royXOOXL
2024-07-01T07:46,889464932,699380654,36,successfully_completed,9Ur0G9Nv
2020-06-09T14:25,2408947,265140301,85,interrupted_connectionLost,GJsuAVlq
2022-05-05T15:37,721101572,469,28,interrupted_other,fZ5mdh93
2022-09-04T23:15,469068441,346044366,23,interrupted_other,Um5Ju8WV
2022-01-24T02:19,496828826,486,7,successfully_completed,Zq0aOldk
2021-09-10T09:37,765070186,834827501,163,successfully_completed,y05WdP1K
2024-05-21T23:37,336151129,807,46,successfully_completed,gYPqPra2
2023-11-29T22:32,19838038,287,110,successfully_completed,ikLywDTB
2023-10-15T19:43,218296699,989,113,successfully_completed,BBXi3V7S
2020-11-02T03:46,986085433,761,23,successfully_completed,LMFTY5Kk
2025-04-11T18:10,622715006,294,167,successfully_completed,VzED2vPs
2022-04-06T03:51,927696800,170,127,successfully_completed,zoWVuW1f
2024-06-13T17:54,275532992,400,62,successfully_completed,3I9xkmCm
2020-09-15T03:12,216912185,242,118,successfully_completed,RWDkXs8b
2023-08-30T23:42,8478986,689,171,successfully_completed,EZlHyI1Q
2022-11-27T03:45,47901085,348,44,successfully_completed,Wl8VgbZm
2023-03-22T02:16,249361485,274,23,interrupted_other,xqdYMB4E
2022-02-01T02:19,197612044,113,8,successfully_completed,IzQhAFiT
2024-11-25T03:05,325287669,133,7,interrupted_other,YuoQvpbD
2021-06-03T22:32,566687767,418937186,154,successfully_completed,mQ6OKcvz
2024-04-27T19:36,497068964,65,59,successfully_completed,8eGCnxgw
2021-03-03T00:49,60806004,952006969,109,successfully_completed,v0VWtrjR
2020-07-09T04:02,207147031,449,110,successfully_completed,psYhdNm3
2023-03-13T20:28,692169098,579,75,successfully_completed,ITFt1Twt
2024-12-28T06:41,532827088,581,166,successfully_completed,ulCIY7v8
2020-11-12T22:09,886533184,56,67,successfully_completed,qFDqRcwm
2025-01-06T11:11,870518382,268,19,interrupted_other,tbP4Fq1n
2022-09-04T05:13,12302543,923,173,successfully_completed,MvpQV1ef
2023-03-17T20:17,959162271,534,160,successfully_completed,2iviMpdP
2023-12-14T08:25,735454117,972941473,0,failed_noAnswer,H9oCQx7T
2024-12-04T11:29,548456600,388,118,successfully_completed,YqyS4Vdb
2025-01-08T09:13,893560955,553,48,successfully_completed,VOyVS7bA
2023-12-24T17:00,983198263,254387352,3,successfully_completed,8a4WikmP
2024-04-24T01:34,545997591,403627482,0,failed_noAnswer,m6sVzQL0
2021-07-04T06:00,519667691,515895944,180,successfully_completed,dS69E6vQ
2021-12-22T04:18,317521366,224,122,successfully_completed,dDfp0M8R
2022-08-03T02:47,991470991,87,98,successfully_completed,khKa0bSO
2021-03-01T15:55,632433104,387364339,0,failed_other,ndRGjTzF
2022-07-07T23:37,245575611,969,27,interrupted_other,SpIMiAw8
2023-10-29T16:03,409492549,411619060,71,successfully_completed,MQE9hIU7
2023-06-18T17:00,69302949,143,0,failed_groupNotExhist,JVrwPV3W
2021-08-01T14:00,100708806,134,66,successfully_completed,4V4kalvp
2022-12-17T19:42,238476008,429412101,5,successfully_completed,gNrVriCa
2021-05-17T14:21,821777092,251606726,180,interrupted_exceededTransmissionWindow,D8NcBfVa
2022-09-06T05:56,471655404,829,124,successfully_completed,PNuzjsL4
2021-05-29T14:10,390658284,621,156,successfully_completed,xTWuAQD6
2024-12-24T15:48,217872361,146,0,failed_groupNotExhist,ryMxeAqA
2022-03-16T09:06,388343163,909,174,successfully_completed,c9NU573c
2022-01-21T10:08,63783510,832867762,16,interrupted_connectionLost,nBeupECw
2024-11-13T17:47,113311817,282,95,successfully_completed,qcmm0CAA
2021-07-20T07:23,402516501,756,22,interrupted_other,VfFr9CrH
2023-07-05T19:45,727446398,478,11,interrupted_other,GRyfNNjc
2020-07-12T05:52,594453272,720331174,23,successfully_completed,Vigj0yOJ
2020-11-10T22:53,262743432,474760797,126,successfully_completed,WiuUzy90
2021-11-27T18:24,565364861,250,0,failed_insufficientPrivilege,2XA7pizA
2021-01-24T19:44,170325829,266,6,interrupted_other,86Xwm8rQ
2022-06-05T09:28,842309113,249,0,failed_groupNotExhist,5J24pBr0
2021-10-03T05:02,635885358,869,161,successfully_completed,f3Wneqsh
2021-11-23T05:18,395892347,261,130,successfully_completed,I9RWtymj
2022-08-17T13:42,893632714,779,20,successfully_completed,ndxt7PEc
2023-02-14T18:46,132328813,363,18,interrupted_other,Aloi66Vz
2022-02-21T08:03,48341985,597,125,successfully_completed,o5Oy7NDz
2023-07-13T10:36,964619309,147,78,successfully_completed,5yndW3fE
2020-10-02T03:13,304331022,131,0,failed_groupNotExhist,mDxO3Jdx
2021-03-25T14:19,908690755,320,97,successfully_completed,rk7OilEE
2023-10-03T03:10,148895672,515,16,successfully_completed,8VtJ83zA
2024-05-19T21:22,20058528,151,115,successfully_completed,N7w2Rq6W
2024-08-27T05:21,318224378,878,290,interrupted_hostTransmissionPrivilegeExpired,osT0IwPc
2022-06-20T10:53,29354299,938,15,interrupted_other,82YIVynX
2021-03-21T06:43,608623917,178,96,successfully_completed,tFujDea1
2022-07-21T18:14,507244644,166,76,successfully_completed,gvunod4K
2022-11-04T07:42,528227371,351,103,interrupted_hostTransmissionPrivilegeExpired,O3hIp2og
2022-10-26T14:57,48485360,532,14,successfully_completed,uiQPi3ST
2022-11-11T20:56,805519468,156,12,interrupted_other,iU4doKwF
2022-02-08T22:01,193783899,85065102,140,successfully_completed,WH2agZaj
2024-07-18T04:28,112626981,460617865,0,failed_noAnswer,OMqwAKx0
2021-05-23T06:20,146404167,105,0,failed_insufficientPrivilege,CwobM1Ab
2024-11-03T16:18,5478046,906435499,66,successfully_completed,dNmGJvcW
2020-06-29T02:09,318252833,868486047,108,successfully_completed,QqoF27Jt
2022-10-13T19:07,113726044,738239446,31,successfully_completed,udTW7mZf
2025-02-06T01:21,306867395,376,125,successfully_completed,DRAd20El
2020-06-28T20:06,404064909,682,53,successfully_completed,pa3gbvpx
2021-10-27T06:39,778536945,174,178,successfully_completed,oqy6iJWU
2024-12-15T13:03,713359819,347,186,interrupted_hostTransmissionPrivilegeExpired,Opo9dEPA
2023-03-09T06:31,238360370,255,0,failed_insufficientPrivilege,zm0NTc7S
2022-07-23T07:49,817465613,937,89,successfully_completed,kvacHSoQ
2024-04-04T23:40,480351667,873,87,successfully_completed,CryVnWwU
2024-01-28T06:03,646945058,602,53,successfully_completed,gNJ8xz4b
2024-05-05T09:12,925383614,381,113,successfully_completed,x6W7nATf
2020-12-10T20:10,167074201,763,17,interrupted_other,2z5KEo0S
2022-03-18T09:42,335639597,653,0,failed_insufficientPrivilege,imPXlZhf
2023-10-08T09:02,883318904,280,179,successfully_completed,803Ww7jX
2023-02-07T08:09,899880157,154850936,39,interrupted_connectionLost,feQsjh2B
2020-10-10T03:50,390607922,331,47,successfully_completed,6BYcsDul
2022-02-26T05:48,39571469,197,152,successfully_completed,lt4mB0zz
2024-11-18T11:11,250186827,172,49,successfully_completed,CRbBnfaS
2021-06-21T14:58,506477344,144,0,failed_groupNotExhist,7MhOCEll
2024-09-30T23:49,361377880,969,169,successfully_completed,hnMXxC1j
2021-07-30T11:15,564506753,573,121,successfully_completed,DAhmkEO8
2022-08-18T22:01,761971577,166,224,interrupted_hostTransmissionPrivilegeExpired,OyUZSXjS
2021-07-13T21:15,590943571,78,104,successfully_completed,3C5DGb1b
2024-09-28T05:05,755163152,49280077,108,successfully_completed,H82AXGhC
2023-04-13T15:49,344288529,48908218,0,failed_noAnswer,zi1DKpWY
2025-04-21T16:23,951022311,663,0,failed_insufficientPrivilege,0GVvdNh0
2021-08-22T23:39,995327403,767,81,successfully_completed,n4a3iI0d
2021-10-12T22:21,704435343,767583764,140,successfully_completed,qzpQWgJC
2024-04-06T09:26,688348592,343,0,failed_groupNotExhist,UTFAPNRR
2022-12-06T04:52,710004881,200,146,successfully_completed,U0ooxnSZ
2023-10-23T20:34,4372568,716,4,interrupted_other,tgc3ViCD
2021-11-22T20:45,604197756,835,116,successfully_completed,B4XlZlX3
2022-05-29T18:06,28807234,247,67,successfully_completed,mgJ8Xr7p
2024-07-12T08:48,227836715,960,155,successfully_completed,EKwYDc28
2021-08-19T10:18,319700521,723,151,successfully_completed,GQNIcNWp
2021-06-04T12:43,617643204,571,128,successfully_completed,9zJ8VQHg
2022-04-03T00:38,198060824,746,12,interrupted_other,GmklpPDj
2024-03-19T02:56,680080059,462,88,successfully_completed,K8KLvaBz
2023-07-19T20:24,908333158,467521387,54,interrupted_connectionLost,vQPn50Ae
2024-12-22T16:32,153961997,449,30,interrupted_other,AIctPSoI
2022-03-17T05:03,862036271,668635592,147,successfully_completed,IKtfvd7W
2024-08-07T23:18,377041017,567383747,0,failed_noAnswer,TnhwUrjc
2023-08-28T23:07,456824722,159,148,successfully_completed,2SPQ4YIu
2023-04-12T14:25,209870807,288,29,successfully_completed,414J4XJe
2023-09-03T03:44,714286774,607,12,successfully_completed,GoR8rPNz
2022-03-22T04:40,921088880,332,24,successfully_completed,0cpPf7hs
2021-01-15T03:44,655148659,298511917,40,successfully_completed,fHiVWOEk
2025-01-11T15:36,701935867,832,28,successfully_completed,hNr8J7k6
2021-12-25T04:05,840170355,404819983,141,successfully_completed,UMjLOfV3
2021-12-14T21:46,319034874,747615769,25,successfully_completed,eYT418md
2023-10-19T19:33,357518769,837,0,failed_insufficientPrivilege,rKRAHnHg
2022-07-23T06:10,427596933,944,20,interrupted_other,z1BAM7Bj
2020-06-18T13:08,732362471,53,93,successfully_completed,4MMjoFE4
2022-09-16T16:24,149059131,984,5,interrupted_other,asyW7TlM
2024-02-15T02:24,608993485,0,137,successfully_completed,LG9w0PfI
2021-05-30T11:43,593178483,19333582,13,interrupted_connectionLost,rI6RBXNV
2021-11-11T09:50,368764386,277,103,successfully_completed,GIJ7DmEc
2021-11-14T06:01,814127487,348,91,successfully_completed,eNVsUXdc
2020-08-23T22:07,511433569,538,0,failed_insufficientPrivilege,XKfrCrRh
2022-02-19T02:07,172561275,240,120,successfully_completed,nPqFzpre
2023-03-24T01:05,470706626,162,176,successfully_completed,Ot1vBBvE
2020-10-12T04:56,299251448,841622363,86,interrupted_connectionLost,cBeKU0Xh
2023-04-18T03:42,99148114,107,26,successfully_completed,Vro3W8KI
2024-07-16T18:54,714835488,626,115,successfully_completed,LDvwjOyd
2022-06-19T22:15,322069954,912,174,successfully_completed,9J9W9PSj
2022-11-05T05:04,211207878,979,56,successfully_completed,W90JvCx0
2020-10-06T17:31,528478229,210282579,93,successfully_completed,HOhOXl1G
2024-08-04T14:48,173410469,330843107,0,failed_noAnswer,w1CTW6gf
2020-08-22T03:03,353257610,339,3,interrupted_other,IEuv9MqG
2022-03-19T17:10,794832961,134,97,successfully_completed,xyHTQmk8
2023-10-04T02:30,266471580,941,148,successfully_completed,xOyRMpQc
2023-11-08T03:51,366507384,2,0,failed_groupNotExhist,zzhCLDAK
2024-04-22T08:55,210050367,970,162,successfully_completed,CTwHXIrv
2025-03-15T02:49,969678495,833,19,interrupted_other,mP0ZGhOZ
2022-02-05T01:22,519453495,308,144,successfully_completed,hGBNDM6a
2020-10-31T02:00,897312242,94,2,interrupted_other,5nOW31Qb
2022-01-18T23:53,250683051,751,16,interrupted_other,Ve3oWTSB
2024-05-20T18:12,877078251,381,159,successfully_completed,0fDMUyvD
2023-02-08T02:31,844346864,562,9,interrupted_other,83WEZVmb
2021-02-26T01:16,472480315,676753775,78,successfully_completed,1SdrS4cC
2020-07-07T17:02,528891060,81918146,130,successfully_completed,RXRgIV1H
2021-01-15T10:17,635177833,901,0,failed_insufficientPrivilege,6ou4eBBp
2021-07-17T15:11,339530555,515,64,successfully_completed,paa6Qz1g
2023-09-09T07:53,830766533,375,0,failed_groupNotExhist,cgitz8M4
2023-02-19T10:45,722347629,713,42,successfully_completed,4urS76rK
2023-07-28T06:41,446321977,97,170,successfully_completed,s85EPysf
2022-11-18T12:07,238448067,938,37,successfully_completed,Xia1eQrw
2022-06-02T21:58,64758946,605,155,successfully_completed,qbO8DMjC
2025-01-02T23:47,819136579,293494090,0,failed_other,V1tMvwPH
2020-11-07T17:11,127450162,292313437,66,successfully_completed,1lU9vQxG
2024-06-11T14:51,702125936,890,28,interrupted_other,UN02PlSb
2022-05-26T14:00,933799100,661,0,failed_groupNotExhist,jtCTkF3P
2024-05-02T09:10,337289210,402,9,interrupted_other,IyVklrjy
2022-03-18T12:17,972382644,293983962,64,successfully_completed,yUNKTsBu
2022-06-27T16:17,477328627,956,10,interrupted_other,zIoXumqN
2022-12-24T23:26,803288383,943,157,successfully_completed,i0K4hEU3
2025-03-01T00:34,505135165,211,100,successfully_completed,329AorPq
2024-11-11T21:16,477491317,783244011,55,interrupted_connectionLost,5BArLBNZ
2020-07-03T00:26,288613790,537,38,successfully_completed,lSo50lEV
2023-02-12T19:23,152724953,552,24,interrupted_other,jEqf3usZ
2025-01-05T09:48,236724608,377,10,interrupted_other,qQk3AkfH
2022-01-18T22:48,536342811,960,0,failed_insufficientPrivilege,LdiWmhM6
2021-02-06T08:47,473481603,524,0,failed_insufficientPrivilege,Tb4UJBYW
2021-07-19T06:02,996739216,32879264,167,successfully_completed,ehzgJWay
2022-05-10T02:12,755372310,956,129,successfully_completed,TvXFOlrW
2022-05-22T21:26,918662009,952573501,1,successfully_completed,IrlISPDb
2022-03-24T04:10,787101811,359657086,62,successfully_completed,2D6FjI20
2020-10-21T00:12,864371977,22,103,successfully_completed,aNCvtBQg
2021-04-10T19:37,74891208,442136149,23,interrupted_other,7eBdsG0v
2023-02-06T03:18,424252468,830,21,interrupted_other,lvNxDize
2021-12-14T09:57,320535719,182203443,172,successfully_completed,ZRWJrPtt
2021-12-12T11:46,554970696,328,73,successfully_completed,WrfTGVWD
2020-09-06T16:04,100270127,583637859,177,successfully_completed,7AVcR2OC
2021-12-13T03:46,906248514,919,18,interrupted_other,SK8W4BAS
2023-08-23T16:46,24253503,629,177,successfully_completed,Blou3RvW
2021-10-06T09:11,148408738,164,25,interrupted_other,7aps14gK
2024-10-07T05:10,939086474,601,132,successfully_completed,J6ndKXID
2023-08-06T13:50,908967699,212818633,97,successfully_completed,NftKcbCq
2023-06-11T08:49,745697670,514073505,153,successfully_completed,CI383Kny
2025-04-29T01:16,921565826,803,0,failed_insufficientPrivilege,hytZqApr
2024-02-08T04:46,987765824,524237078,0,failed_other,fHoipCd8
2024-06-15T14:26,602507374,291,0,failed_insufficientPrivilege,zXoGSUCl
2020-06-26T10:22,225409066,789936560,167,successfully_completed,YFwm8fdI
2021-09-03T06:15,457328970,688,111,successfully_completed,EMI8VTiV
2024-07-06T21:25,64922542,127,0,failed_groupNotExhist,plDcoT62
2025-04-30T09:56,641706724,931622828,22,interrupted_other,3UjkP2dQ
2025-04-18T19:57,590596723,632,111,successfully_completed,B3EtDgki
2023-05-23T13:14,662055024,621151980,38,interrupted_connectionLost,JpI2ou7i
2023-03-04T20:12,207772130,514,32,successfully_completed,QAGGL1jN
2024-06-21T22:46,680919893,679,130,successfully_completed,BV8LSFVo
2025-05-01T08:38,671524025,699,134,successfully_completed,ZrPNlaRC
2023-05-03T21:15,500738557,445,110,successfully_completed,7v5Rjc3i
2021-07-06T05:49,121344904,265,50,successfully_completed,lofTOkFY
2025-04-24T16:03,775500169,135,12,interrupted_other,tnNaFYBg
2024-06-08T22:39,461228732,875426530,163,successfully_completed,6pkweOhS
2025-05-28T00:33,696020280,446,173,successfully_completed,651B9nvQ
2022-04-16T19:52,299807364,119,141,successfully_completed,IgXSWx3s
2024-09-11T21:57,86299712,324,56,successfully_completed,e5O4IKOP
2021-04-29T12:09,884047588,864,2,successfully_completed,VmikterQ
2024-04-09T17:59,865178249,299,0,failed_groupNotExhist,G1VgAdX2
2023-05-25T01:41,53254206,38,22,interrupted_other,vJgmANxo
2022-01-10T16:50,954898583,457,0,failed_insufficientPrivilege,0MCfq53f
2023-02-03T12:29,914710606,399965284,15,successfully_completed,aXJd8j7g
2020-09-16T14:13,453877580,953,2,successfully_completed,32xcankg
2021-04-04T15:36,737802345,791063177,57,successfully_completed,fkRBEpgo
2022-06-23T04:35,588838144,817,13,interrupted_other,cQQccAnO
2021-01-03T12:01,262607571,50,152,successfully_completed,XxxkfxqG
2022-08-16T09:32,987818355,764,169,successfully_completed,c7moaH7p
2023-11-08T11:02,768272966,462,25,interrupted_other,Uu7M8VeJ
2022-01-02T16:07,409065340,771,0,failed_insufficientPrivilege,Rzvu3XRy
2023-12-23T02:08,328780964,658,20,interrupted_other,aqBRhQcd
2022-01-04T19:36,121660388,24,30,interrupted_other,2KsMZ3LL
2022-05-26T17:52,35391610,220,0,failed_groupNotExhist,7FKbrku1
2021-11-14T02:19,358145141,938,96,successfully_completed,MTLEjqj6
2023-12-10T07:03,435182164,251,54,successfully_completed,79AJzn1r
2024-04-24T21:08,195275434,708254148,2,interrupted_other,znsyXGfN
2024-10-09T23:15,452445357,433,144,successfully_completed,RhMi2zcL
2024-05-04T05:37,835711401,652,147,successfully_completed,tZn5d3tP
2022-11-27T17:50,926466374,722235077,146,successfully_completed,H64ZSHiv
2021-12-01T11:14,589198079,112,157,successfully_completed,FGb0yrjd
2022-05-16T07:17,780218729,585,18,interrupted_other,Gha4j19c
2023-03-30T22:21,59537228,20,50,successfully_completed,yYjvQq6A
2021-01-04T03:40,904193546,320,132,successfully_completed,MYkqbyId
2024-07-10T09:25,48462296,972,94,successfully_completed,p5gjjHkK
2025-02-18T06:23,785281327,650084837,92,successfully_completed,fh1mjgGw
2025-02-23T13:42,370101011,386,161,successfully_completed,Cjo7MZrY
2024-01-01T21:07,539489464,358,173,successfully_completed,5gM651UV
2020-08-06T11:09,508364610,997291305,11,successfully_completed,wNK3yhF6
2023-10-01T15:56,507892072,580989017,0,failed_other,RtIgJvbG
2025-02-27T23:59,144735076,78,0,failed_insufficientPrivilege,K495OR4J
2025-03-04T13:38,402867511,401178524,34,successfully_completed,69cmw3Zb
2020-08-13T11:03,607465994,322,75,successfully_completed,raUyIyno
2024-09-20T23:34,781602189,941,177,successfully_completed,I7PYyrzB
2025-03-01T11:13,236614247,776725101,7,successfully_completed,SNtTjReU
2023-07-08T23:11,818889743,724,76,successfully_completed,8L2dRZFG
2020-09-27T12:28,796984604,475,0,failed_insufficientPrivilege,omITCVsc
2021-09-18T23:32,254458845,279,98,successfully_completed,oA5V20Jc
2022-03-24T14:37,26763392,962880059,154,successfully_completed,TpaQBeiG
2024-03-08T07:18,779791743,458,119,interrupted_hostTransmissionPrivilegeExpired,I4gNuqOo
2020-11-26T22:57,819065294,92022537,0,failed_other,O2QZqTkR
2023-12-03T06:58,907943516,109,97,successfully_completed,Tt40hNuR
2020-10-05T01:34,882501379,161,122,successfully_completed,gmzFt4Bl
2022-03-31T13:25,766088600,169,0,failed_insufficientPrivilege,XqvOBtdE
2025-04-18T18:22,485559818,326,142,successfully_completed,b5jf0SjV
2025-01-08T02:29,720483404,982,33,successfully_completed,BNhGHAjK
2020-08-19T16:44,453523609,813981459,72,successfully_completed,5ox9uitu
2023-08-15T10:58,705178431,838,0,failed_insufficientPrivilege,0uI0gYaB
2025-03-31T01:07,933786262,31,73,successfully_completed,lbqnRLvR
2022-11-29T21:02,150274574,642,162,successfully_completed,vkZHJ3Rf
2021-03-08T16:39,51896395,325051624,0,failed_other,KDWSJ1Rb
2024-12-14T11:42,925605451,956,97,successfully_completed,n0kDcx6W
2021-10-23T04:23,627315852,57428368,36,successfully_completed,qIjIPAil
2021-05-22T21:35,618472708,907,52,successfully_completed,zxmgWRw1
2023-11-01T21:54,703016142,463,213,interrupted_hostTransmissionPrivilegeExpired,IVZKk4Cg
2020-09-11T04:40,689704776,770390137,79,successfully_completed,TswxNTqZ
2022-01-04T01:20,478191631,963701019,14,interrupted_higerPre-emptivePriorityInterruption,hEBQOOqt
2023-09-11T11:19,630415673,249,25,successfully_completed,1iH79K0y
2021-02-13T11:55,554771723,577,120,successfully_completed,wUbhKu7Z
2021-03-27T00:01,986010307,322,0,failed_insufficientPrivilege,DprzW6oO
2024-01-29T18:20,691272987,457,133,successfully_completed,IDXEeaDO
2021-08-14T21:15,39233181,128,123,successfully_completed,RNnZfsax
2024-03-28T08:34,993184150,844466828,20,interrupted_other,gJQtcwEb
2022-04-10T06:41,282726200,109,17,interrupted_other,ME9zcRNi
2021-06-30T11:31,288465265,83,0,failed_groupNotExhist,wYStLHdZ
2023-06-30T18:26,741707133,658,24,successfully_completed,InXK2xA5
2024-01-24T11:19,546006369,808,45,successfully_completed,n0faLykH
2025-02-12T22:00,584803944,991,4,interrupted_other,PiUCzTig
2023-08-18T23:36,939657501,893915811,126,successfully_completed,1w72GNRf
2025-04-05T00:55,229897655,871,8,interrupted_other,xN9a8lBi
2024-11-03T18:21,475386805,989,28,successfully_completed,b5yPu8Ws
2023-04-17T22:25,856435494,288,63,successfully_completed,idR7KI00
2023-10-11T07:24,6091280,114,0,failed_insufficientPrivilege,0JIcMFP4
2020-12-27T07:13,219685166,255,2,interrupted_other,xD5Foz3F
2022-03-05T02:40,276471971,190,12,interrupted_other,k7AXWUKf
2022-09-02T23:52,917764565,133,0,failed_groupNotExhist,Vdf1wVnu
2025-05-01T10:08,829133509,637,15,interrupted_other,CS3fkDrw
2021-03-26T21:17,721074520,871554668,0,failed_other,D22Pmww4
2022-03-10T22:29,687068160,863,16,interrupted_other,hMzcNgJV
2025-03-05T04:31,361745630,152579560,83,successfully_completed,G2w4VkAU
2024-03-19T11:49,449102386,699627159,50,successfully_completed,CSFUiCNq
2023-06-16T06:56,108662669,483872122,154,successfully_completed,sELGFgxF
2023-06-08T20:03,502475026,267,127,interrupted_hostTransmissionPrivilegeExpired,UMupAnuI
2023-07-24T11:37,963391981,748,5,successfully_completed,ShqtA4Qg
2022-03-30T02:54,328107676,244,0,failed_insufficientPrivilege,LNF7fNvT
2025-05-18T01:41,259291314,134,168,successfully_completed,i5GRMqfM
2023-11-01T15:15,209381123,585,73,successfully_completed,d9v93KS9
2025-04-30T09:58,875965674,11545869,6,interrupted_connectionLost,E2qCnmst
2023-09-10T06:34,729363238,132,0,failed_insufficientPrivilege,8xFxWax0
2024-10-22T13:15,278882786,709,20,interrupted_other,UXHX02Dp
2024-01-27T19:37,171533271,907,134,successfully_completed,8Jp8ucF2
2023-09-22T20:41,850483413,748173696,0,failed_noAnswer,z3f2WEiq
2022-02-05T18:17,600973061,859,150,successfully_completed,Bt9RUBOE
2020-12-03T10:21,914634849,467074533,162,successfully_completed,zRds38SF
2023-09-16T07:02,980806568,530,100,successfully_completed,vH9O8ZKS
2021-12-11T09:13,963925835,684,20,successfully_completed,H8wGk7ON
2021-03-01T03:08,863266379,638,7,interrupted_other,GgS4lDBh
2025-01-28T03:50,11284592,134,0,failed_insufficientPrivilege,qYUrpxVW
2021-08-09T18:14,377236671,442,176,successfully_completed,uublHNJm
2023-01-09T13:36,458821627,537,138,successfully_completed,Wd125PBx
2022-05-26T11:06,740391944,404,0,failed_groupNotExhist,nAhlkSib
2024-06-12T05:56,576459704,277,111,successfully_completed,dRIKZL6S
2025-05-14T19:25,623694147,26,101,successfully_completed,jRikuHwm
2025-03-20T16:23,934104132,472,17,interrupted_other,CRlCCkJj
2021-06-13T03:02,419415103,859260277,29,interrupted_connectionLost,O0HsgY8h
2024-07-17T13:14,361303446,770,133,successfully_completed,ZFXCSxbd
2025-04-07T04:38,261733369,73954639,153,successfully_completed,nPulzi72
2023-08-09T19:46,198761715,111,0,failed_groupNotExhist,o9uJGWSn
2022-05-18T23:16,361143803,558,66,successfully_completed,BKRaKhBV
2023-11-20T14:40,813251475,797,120,successfully_completed,ffPG2QqC
2024-11-28T21:30,369553448,4243655,0,failed_noAnswer,KVbzWJ76
2024-12-02T20:21,341245136,414,0,failed_groupNotExhist,W60cC1su
2020-08-19T17:49,61930250,44,221,interrupted_hostTransmissionPrivilegeExpired,8kc52wsG
2022-03-19T05:22,889205835,410576470,72,successfully_completed,DB0dnvnq
2022-06-29T11:29,772809643,534,11,interrupted_other,f7sekiSq
2022-06-27T14:01,133511042,750,27,interrupted_other,XnLf8q7T
2022-07-23T11:15,931767771,270,59,successfully_completed,PydwVFho
2022-11-04T16:20,162108036,394,103,successfully_completed,egj6D3BO
2023-08-12T13:54,554866081,583088349,0,failed_noAnswer,qMO5zXxF
2024-08-16T23:10,520530659,127715054,180,interrupted_exceededTransmissionWindow,oZa467je
2021-01-18T20:04,493890452,524,76,successfully_completed,6IPf1jm3
2021-11-22T08:55,918227905,855,130,successfully_completed,91CNXcwq
2023-11-21T19:31,796701702,292,0,failed_groupNotExhist,wOkOU2vH
2021-11-26T14:30,917198711,470,99,successfully_completed,Fey155G3
2022-11-15T18:18,284516332,52951200,137,successfully_completed,gFqjall4
2020-09-29T09:58,349395601,172,16,interrupted_other,fawMfo5a
2023-09-05T19:42,374684460,654,20,interrupted_other,9g4CdSL8
2022-04-26T15:24,948543707,580,3,interrupted_other,YYfpHgxN
2021-10-17T16:28,716126509,589,0,failed_groupNotExhist,fOmZL1RE
2021-09-01T13:34,833639196,328,0,failed_insufficientPrivilege,9RxlacBe
2021-01-22T23:51,124115613,242,92,successfully_completed,iLWCWyoL
2020-06-16T12:20,200474090,840,167,interrupted_hostTransmissionPrivilegeExpired,msxMA9ul
2022-12-16T20:19,188108155,748956470,9,successfully_completed,wM1Tw29Z
2020-06-25T16:03,762020926,525,0,failed_insufficientPrivilege,Z9bo7sMD
2020-10-09T17:23,629780177,314,0,failed_groupNotExhist,XrjzNEOq
2023-07-24T19:49,234786778,209,4,interrupted_other,4d5U0lUy
2021-10-20T00:13,990491643,716544371,19,successfully_completed,KNylE4hB
2021-01-31T15:58,397474468,634,88,successfully_completed,ESjbxXVk
2024-03-23T06:31,47084785,893,125,successfully_completed,yLiGCqc2
2023-05-27T16:31,133638874,31,13,successfully_completed,YHhQ3xcN
2024-09-08T06:34,505595154,25826878,22,successfully_completed,aY5UUspS
2024-09-07T22:48,95715728,428,47,successfully_completed,0LBgWZWC
2024-05-23T08:29,614486677,260,1,interrupted_other,n3Jx2Z2n
2022-11-10T21:52,110446927,145,175,successfully_completed,zA1JDZVA
2021-07-07T09:54,652949478,347,5,successfully_completed,1qQEjoEE
2024-02-10T10:38,787438914,338,0,failed_groupNotExhist,YSPKvdl0
2020-07-17T00:28,584610978,18,153,successfully_completed,tjefqObj
2024-12-04T12:12,82996002,262832869,164,successfully_completed,1QMaLSQD
2022-08-05T16:49,714351001,686,20,interrupted_other,HAb9nUAA
2023-02-07T17:30,14690669,456,0,failed_insufficientPrivilege,BJyfdu19
2021-03-30T23:52,848680464,220,4,interrupted_other,svNpRGTr
2021-06-28T07:42,892091853,417,23,interrupted_other,N5QuK8ML
2023-12-26T10:38,996899846,397063500,180,interrupted_exceededTransmissionWindow,HcVG8JMM
2024-06-09T11:18,313650573,567,74,successfully_completed,PsAf9gAA
2020-12-30T09:32,560562934,521,19,successfully_completed,aHjVKhg9
2025-04-30T11:25,286894281,289212972,16,interrupted_connectionLost,C1ZcYjaR
2022-06-04T20:14,133743986,284,199,interrupted_hostTransmissionPrivilegeExpired,KqnCVQoC
2023-01-11T00:13,327305902,8130353,24,interrupted_other,4NluHiuW
2023-07-07T03:31,450308736,972346819,0,failed_noAnswer,cyPCP2Km
2025-04-25T20:25,258806994,35857789,0,failed_other,lZHq9Jpy
2023-07-08T09:59,982267925,939,13,interrupted_other,epdC7DLm
2023-04-09T10:17,779471361,175,142,successfully_completed,DQ1djFkl
2024-02-14T05:20,325372520,218,70,successfully_completed,QfIklKfZ
2024-12-03T00:53,429982005,382,16,interrupted_other,Vm4NzvMG
2021-03-17T18:04,589934894,873,9,successfully_completed,ACDTUQSD
2025-04-19T18:12,168493624,370,92,successfully_completed,MLbNMAWU
2022-04-09T15:42,553672553,816,43,successfully_completed,1vh6zm76
2023-10-08T14:47,298442909,490758773,10,interrupted_other,CuuhzM6h
2023-02-25T19:27,278488612,818,0,failed_insufficientPrivilege,dZQ5L1Kg
2023-11-22T07:56,493221606,298,25,interrupted_other,2JjM5WYz
2024-07-13T13:07,382584350,599,134,successfully_completed,z9PnmZhV
2023-10-10T09:36,666246345,444,174,successfully_completed,vIlmT4S5
2025-04-30T04:09,183694076,410,5,successfully_completed,XwPpi6ca
2024-10-08T05:53,358006687,549,82,successfully_completed,dddvteOg
2021-11-24T05:36,187473798,652,152,successfully_completed,mVgR2Pe3
2021-05-26T21:22,429286807,960,56,successfully_completed,iSHIVzVn
2021-10-31T01:15,448690652,375,0,failed_groupNotExhist,0iSbNkDT
2024-04-14T23:16,731205482,303,1,successfully_completed,dPkEtJCb
2022-12-12T10:47,795955598,945,77,successfully_completed,bLG1hdoA
2021-08-30T01:44,682809651,887701071,24,interrupted_connectionLost,fC6eDjEB
2021-08-29T22:56,653481544,77524419,18,interrupted_connectionLost,HOyPCKIq
2024-02-17T15:40,487397314,473476503,6,successfully_completed,DePcqUgh
2023-07-09T03:37,215396087,884,120,successfully_completed,Bm3tGtvQ
2023-01-23T06:12,576774041,743912545,48,successfully_completed,aNeOuhlL
2024-06-20T00:11,457151148,512126327,63,successfully_completed,IEZOY8UW
2023-04-02T22:54,719423460,664316430,44,interrupted_connectionLost,tiPBUtsO
2023-06-14T21:39,309060510,105752162,64,successfully_completed,osHdq1Zc
2021-04-10T23:38,745525920,460867112,155,successfully_completed,Nev0MZQs
2021-11-24T15:28,397845985,512,168,successfully_completed,y78OiE8h
2024-02-11T23:01,216420286,308,26,interrupted_other,Ns5kZc5W
2024-12-17T04:48,850811001,280,157,successfully_completed,s9MV2XOE
2024-02-04T20:53,852674918,467,61,successfully_completed,yITZGVK9
2025-02-28T07:04,93295568,231866652,120,successfully_completed,67fxSC6z
2020-11-25T23:48,356286513,914,42,successfully_completed,QCfjeddC
2023-04-05T17:25,731199858,972,84,successfully_completed,FueaUbZR
2021-12-29T15:29,896941825,214,217,interrupted_hostTransmissionPrivilegeExpired,ePrKu4hP
2023-05-15T06:16,473085241,145,7,interrupted_other,Y7WCuE8Y
2022-02-25T23:22,230751693,285,130,successfully_completed,p6Z1zZTn
2023-12-04T12:40,548248586,59,87,successfully_completed,2EAm5x5g
2023-05-25T12:32,428791532,801,0,failed_insufficientPrivilege,ZkoKSlRh
2021-02-21T15:56,33145386,616,13,successfully_completed,UvHthT8e
2020-06-04T01:51,765949643,623,27,successfully_completed,R4YplPvf
2023-02-02T10:35,601205502,423164403,22,successfully_completed,OzbLyx0C
2020-06-03T01:13,606851315,692849857,0,failed_other,z9cAiDeO
2024-03-02T14:37,492068533,921724166,9,successfully_completed,SO5kxien
2025-01-30T21:55,14679442,945,73,successfully_completed,9iK9026M
2022-05-05T21:58,373408529,500,176,successfully_completed,IJ85HTyE
2020-10-10T20:36,197949845,128,56,successfully_completed,pejO2DMu
2023-08-20T16:11,814732999,158,133,successfully_completed,pHSXV0sm
2021-12-19T09:09,423206304,365135927,125,successfully_completed,zyFlgYXV
2023-12-25T01:11,608385827,813,28,interrupted_other,QoN4KICN
2025-05-22T23:18,255172590,717,9,successfully_completed,3Fo8SxRv
2024-06-18T03:37,562515666,982,8,successfully_completed,tvrN4gRz
2024-10-26T03:09,334484364,265,31,successfully_completed,mFzhXocC
2022-05-07T21:22,216167355,340537996,29,successfully_completed,en3HuQA7
2021-06-30T07:58,482040776,304,6,interrupted_other,dEmHg1sZ
2022-08-06T23:49,209649584,742,25,successfully_completed,k4oCMUma
2021-07-04T14:49,160683695,703,36,successfully_completed,N2ix4dPV
2020-07-10T03:52,520059702,767997906,0,failed_noAnswer,tjJFZ04g
2022-07-03T08:24,541690798,503,115,successfully_completed,ia3XvNq7
2020-12-15T23:04,520527709,611070468,0,failed_noAnswer,4AvGoiIM
2021-03-27T06:19,1586754,943,0,failed_groupNotExhist,PIezATe3
2022-12-23T18:53,637092019,466,258,interrupted_hostTransmissionPrivilegeExpired,hNHaUH9z
2025-01-15T12:34,850408671,125,0,failed_groupNotExhist,G1xEm6gr
2022-01-28T03:24,765638144,219,7,interrupted_other,wmo7aKtB
2023-10-22T07:54,893121529,546588571,3,interrupted_connectionLost,6qGEJD4L
2024-02-26T15:05,480704686,198,98,successfully_completed,Uk24U8qu
2024-11-03T16:14,273940802,525140489,0,failed_noAnswer,r7d9CQ39
2021-03-21T16:19,469163297,756,29,successfully_completed,RRk7WTQW
2020-10-18T22:50,660306554,987,8,interrupted_other,kpwRyT89
2024-08-13T18:23,747375890,675,114,successfully_completed,FmCcDSHQ
2020-11-15T22:13,816352595,984,138,successfully_completed,8kqvNNop
2023-11-14T13:45,63886227,236903740,39,successfully_completed,lbRl9jOj
2023-05-26T08:48,9223718,808387301,109,successfully_completed,ouEUbflt
2024-07-22T11:38,906035753,264,151,successfully_completed,SecynDs1
2021-05-30T05:16,472228236,163,65,successfully_completed,zMT4pRm4
2023-01-23T04:52,155291977,723792469,18,successfully_completed,B5gmTvd1
2021-10-20T07:57,470840771,566528641,8,interrupted_other,agEKW1O3
2023-07-05T21:50,59329910,240,6,interrupted_other,A91JkH4K
2022-11-13T19:32,773637269,744579625,82,successfully_completed,n3aqYrAh
2023-03-26T04:32,115450843,62,59,successfully_completed,kXyAIPkp
2023-05-02T15:19,351583269,10,31,successfully_completed,F6nwxZiW
2025-03-22T00:55,362072319,411479410,9,successfully_completed,4AC0bE8Q
2024-01-07T04:09,278615737,421,139,successfully_completed,DWwLlOim
2022-09-07T07:35,404494116,853,6,interrupted_other,PIdKKAIb
2020-07-26T07:46,557420481,69,19,interrupted_other,9xPBsSTk
2025-04-26T02:10,954431537,82,0,failed_groupNotExhist,oYG6eMxX
2023-02-19T08:13,273438148,456,0,failed_groupNotExhist,gqdfgwW9
2021-08-07T19:12,141330988,424,155,successfully_completed,dC7ZIdeb
2025-05-26T15:37,18915753,599,166,successfully_completed,vQs1jaWe
2022-11-21T10:13,835304275,118,28,interrupted_other,8gKFJ6FT
2021-10-25T04:15,318274947,52,160,successfully_completed,AhGAEO9i
2023-11-21T05:55,791813320,588,0,failed_insufficientPrivilege,7VOXeLoA
2022-04-05T17:13,251383885,451,115,successfully_completed,5hNNtvhQ
2022-05-05T01:26,676145844,996384186,28,interrupted_connectionLost,dXgG5H27
2024-12-27T04:05,478479099,219,0,failed_insufficientPrivilege,ZbDIZ2S4
2021-04-15T13:48,478831185,884,28,interrupted_other,AlrbwG1Z
2024-09-07T17:35,723463928,997,0,failed_groupNotExhist,AeHd1nxW
2025-02-25T04:16,56693727,131,135,successfully_completed,zsKJNAkJ
2020-12-22T01:28,761052393,522501214,44,interrupted_connectionLost,CzfMMkzY
2021-02-27T12:39,917828001,254,176,successfully_completed,IfjHPvdt
2021-12-28T21:09,534358717,726,44,successfully_completed,vizyNCKK
2021-12-07T19:51,835927739,874982748,79,successfully_completed,vOaQjcLh
2024-11-28T02:31,410167436,784,17,successfully_completed,iKRvDHkT
2022-10-25T00:35,519674843,201454896,59,successfully_completed,obYEcUy3
2021-09-27T18:43,953581364,175,0,failed_insufficientPrivilege,kNnqUC5x
2023-12-11T06:26,530894245,834,0,failed_groupNotExhist,9lf9xA6E
2020-12-29T00:06,399504681,921,8,interrupted_other,4tdeLiW6
2025-04-02T17:49,113844365,392,148,successfully_completed,tzcZKDaJ
2023-08-08T02:56,299014018,158,131,successfully_completed,mmsEUeZl
2022-05-09T12:59,432827975,931529316,13,successfully_completed,fktodLfE
2021-08-18T01:46,82129433,754,38,successfully_completed,jHRU7PIm
2021-05-23T03:42,960803569,751,18,interrupted_other,Hg9iOSoa
2024-11-08T11:55,504033756,22,27,successfully_completed,t3uPm0YC
2023-06-14T18:20,781202441,405,139,successfully_completed,hStSyCwF
2024-06-21T05:27,914447411,110545048,12,successfully_completed,JntY89YY
2024-02-05T21:49,684118518,261477516,89,successfully_completed,pY5dhevG
2021-05-19T19:30,616739170,863,129,successfully_completed,WggtafjP
2021-03-30T11:47,266519804,14,65,successfully_completed,UqbsqLcf
2024-12-02T04:04,555314636,121,74,successfully_completed,IKRy6SqO
2020-07-24T04:33,482532600,547,82,successfully_completed,rY8EJ5AR
2023-02-06T05:11,84431730,628,176,successfully_completed,9zluB8G2
2021-11-30T08:32,123412643,735676270,9,interrupted_other,2VnTat6v
2021-12-31T23:49,539391657,962,28,interrupted_other,RZya3sYe
2022-12-31T08:06,163090531,131,138,successfully_completed,frfDACgi
2021-12-01T23:04,11778223,323,0,failed_insufficientPrivilege,2ekEfuNy
2022-04-05T00:46,771508010,623,0,failed_insufficientPrivilege,tWRaXRCe
2022-12-05T04:47,741198258,755,11,successfully_completed,3cwnqSP5
2022-08-06T09:43,752404893,17,11,interrupted_other,v4UCBsyw
2024-03-17T02:09,289687362,282857137,19,interrupted_connectionLost,de1uIo7k
2025-02-26T12:17,575137046,892,23,successfully_completed,bPzp9YfK
2021-05-08T17:11,676788171,636,139,successfully_completed,sTYxusRf
2024-10-19T17:49,83723113,519,0,failed_groupNotExhist,atbBT3xD
2021-09-14T17:25,738739594,877,88,successfully_completed,JNHkhloV
2022-11-19T14:44,265401643,150,0,failed_groupNotExhist,IlTAlxSp
2020-07-02T19:47,637317070,651,134,successfully_completed,9lNPTEfJ
2022-05-20T16:46,98848778,603,1,interrupted_other,Q8DGfEST
2023-03-24T22:36,960636147,537,2,interrupted_other,XL23qgvs
2020-07-16T18:51,109326538,928627822,156,successfully_completed,OA9ifKdF
2025-01-07T14:20,846996289,19801486,106,successfully_completed,MSdWqhfQ
2021-12-06T22:01,394901140,427,153,successfully_completed,zD4SQ2PO
2022-11-04T20:55,997982962,767,47,successfully_completed,jyg0NSoe
2023-11-25T14:43,628530695,37858786,0,failed_noAnswer,nsRR4Usk
2024-12-20T04:38,523031787,886,0,failed_groupNotExhist,VZ1f0V1W
2021-07-06T14:49,176711208,92,121,successfully_completed,OOdlL6Nj
2021-02-01T20:56,133442248,722,144,successfully_completed,Or8FCX2U
2021-04-06T11:06,870026582,62,152,successfully_completed,ySOrdm2q
2024-11-01T04:45,619092576,25,0,failed_insufficientPrivilege,UrK5n2qx
2024-02-27T18:08,326200352,885729272,150,successfully_completed,pzPr1i21
2023-10-20T09:14,933523580,206,134,successfully_completed,5oqGrB4U
2023-08-31T03:27,282273986,221,2,successfully_completed,p9L3mz2C
2020-09-22T23:55,123791411,25,119,interrupted_hostTransmissionPrivilegeExpired,I2k5iVe1
2020-07-19T03:26,499921164,166,156,successfully_completed,FX6Z3MW4
2024-07-10T19:01,596779733,707,17,successfully_completed,4AXKu6kO
2025-03-11T10:51,574808147,903629833,0,failed_noAnswer,hUqMPV5L
2024-07-24T13:49,917747615,596,19,interrupted_other,LQ4kF70Y
2023-02-12T19:38,971131203,224,176,successfully_completed,pJUgf915
2024-02-22T00:51,845586271,930,167,successfully_completed,26bQK3RT
2021-03-27T20:35,946332654,332,169,interrupted_hostTransmissionPrivilegeExpired,dyKN0H8I
2020-12-01T01:40,47038642,567,139,successfully_completed,8BjnHv93
2022-07-25T14:52,632205272,112,0,failed_insufficientPrivilege,BWVQYrBt
2021-06-11T16:15,945179504,322,50,successfully_completed,gxBR5hL5
2024-08-31T15:58,20946599,933695381,79,interrupted_connectionLost,k3e9nGrT
2022-08-23T09:03,899599910,134,1,interrupted_other,YgOFVaXY
2024-07-17T10:37,407380522,871,164,successfully_completed,zYy3gbUI
2021-06-26T21:00,636135149,175921577,158,successfully_completed,YghQBkdT
2024-10-21T13:28,434813053,501,18,successfully_completed,w2CVgIjq
2020-12-26T18:46,81670747,85,12,successfully_completed,9Cddk1Sv
2025-05-10T16:59,907978976,179507727,0,failed_noAnswer,MX7gzpOw
2022-08-15T18:25,894969484,783,19,successfully_completed,SWFE7Vir
2025-02-25T19:33,405756685,197848295,15,interrupted_other,pJ4Y5Cmx
2025-02-26T00:41,466620029,508,142,successfully_completed,lyoRs4n2
2024-04-14T13:06,396817736,673,140,successfully_completed,5UDoK4Ep
